--------------------------------------------------------
--  파일이 생성됨 - 금요일-8월-13-2021   
--------------------------------------------------------
--------------------------------------------------------
--  DDL for Sequence SEQ_CATEGORY_NO
--------------------------------------------------------

   CREATE SEQUENCE  "JBLOG"."SEQ_CATEGORY_NO"  MINVALUE 1 MAXVALUE 9999999999999999999999999999 INCREMENT BY 1 START WITH 33 NOCACHE  NOORDER  NOCYCLE ;
--------------------------------------------------------
--  DDL for Sequence SEQ_COMMENTS_NO
--------------------------------------------------------

   CREATE SEQUENCE  "JBLOG"."SEQ_COMMENTS_NO"  MINVALUE 1 MAXVALUE 9999999999999999999999999999 INCREMENT BY 1 START WITH 1 NOCACHE  NOORDER  NOCYCLE ;
--------------------------------------------------------
--  DDL for Sequence SEQ_POST_NO
--------------------------------------------------------

   CREATE SEQUENCE  "JBLOG"."SEQ_POST_NO"  MINVALUE 1 MAXVALUE 9999999999999999999999999999 INCREMENT BY 1 START WITH 9 NOCACHE  NOORDER  NOCYCLE ;
--------------------------------------------------------
--  DDL for Sequence SEQ_USERS_NO
--------------------------------------------------------

   CREATE SEQUENCE  "JBLOG"."SEQ_USERS_NO"  MINVALUE 1 MAXVALUE 9999999999999999999999999999 INCREMENT BY 1 START WITH 3 NOCACHE  NOORDER  NOCYCLE ;
--------------------------------------------------------
--  DDL for Table BLOG
--------------------------------------------------------

  CREATE TABLE "JBLOG"."BLOG" 
   (	"ID" VARCHAR2(50 BYTE), 
	"BLOGTITLE" VARCHAR2(200 BYTE), 
	"LOGOFILE" VARCHAR2(200 BYTE)
   ) SEGMENT CREATION IMMEDIATE 
  PCTFREE 10 PCTUSED 40 INITRANS 1 MAXTRANS 255 NOCOMPRESS LOGGING
  STORAGE(INITIAL 65536 NEXT 1048576 MINEXTENTS 1 MAXEXTENTS 2147483645
  PCTINCREASE 0 FREELISTS 1 FREELIST GROUPS 1 BUFFER_POOL DEFAULT FLASH_CACHE DEFAULT CELL_FLASH_CACHE DEFAULT)
  TABLESPACE "SYSTEM" ;
--------------------------------------------------------
--  DDL for Table CATEGORY
--------------------------------------------------------

  CREATE TABLE "JBLOG"."CATEGORY" 
   (	"CATENO" NUMBER, 
	"ID" VARCHAR2(50 BYTE), 
	"CATENAME" VARCHAR2(200 BYTE), 
	"DESCRIPTION" VARCHAR2(500 BYTE), 
	"REGDATE" DATE
   ) SEGMENT CREATION IMMEDIATE 
  PCTFREE 10 PCTUSED 40 INITRANS 1 MAXTRANS 255 NOCOMPRESS LOGGING
  STORAGE(INITIAL 65536 NEXT 1048576 MINEXTENTS 1 MAXEXTENTS 2147483645
  PCTINCREASE 0 FREELISTS 1 FREELIST GROUPS 1 BUFFER_POOL DEFAULT FLASH_CACHE DEFAULT CELL_FLASH_CACHE DEFAULT)
  TABLESPACE "SYSTEM" ;
--------------------------------------------------------
--  DDL for Table COMMENTS
--------------------------------------------------------

  CREATE TABLE "JBLOG"."COMMENTS" 
   (	"CMTNO" NUMBER, 
	"POSTNO" NUMBER, 
	"USERNO" NUMBER, 
	"CMTCONTENT" VARCHAR2(1000 BYTE), 
	"REGDATE" DATE
   ) SEGMENT CREATION IMMEDIATE 
  PCTFREE 10 PCTUSED 40 INITRANS 1 MAXTRANS 255 NOCOMPRESS LOGGING
  STORAGE(INITIAL 65536 NEXT 1048576 MINEXTENTS 1 MAXEXTENTS 2147483645
  PCTINCREASE 0 FREELISTS 1 FREELIST GROUPS 1 BUFFER_POOL DEFAULT FLASH_CACHE DEFAULT CELL_FLASH_CACHE DEFAULT)
  TABLESPACE "SYSTEM" ;
--------------------------------------------------------
--  DDL for Table POST
--------------------------------------------------------

  CREATE TABLE "JBLOG"."POST" 
   (	"POSTNO" NUMBER, 
	"CATENO" NUMBER, 
	"POSTTITLE" VARCHAR2(300 BYTE), 
	"POSTCONTENT" VARCHAR2(400 BYTE), 
	"REGDATE" DATE
   ) SEGMENT CREATION IMMEDIATE 
  PCTFREE 10 PCTUSED 40 INITRANS 1 MAXTRANS 255 NOCOMPRESS LOGGING
  STORAGE(INITIAL 65536 NEXT 1048576 MINEXTENTS 1 MAXEXTENTS 2147483645
  PCTINCREASE 0 FREELISTS 1 FREELIST GROUPS 1 BUFFER_POOL DEFAULT FLASH_CACHE DEFAULT CELL_FLASH_CACHE DEFAULT)
  TABLESPACE "SYSTEM" ;
--------------------------------------------------------
--  DDL for Table USERS
--------------------------------------------------------

  CREATE TABLE "JBLOG"."USERS" 
   (	"USERNO" NUMBER, 
	"ID" VARCHAR2(50 BYTE), 
	"USERNAME" VARCHAR2(100 BYTE), 
	"PASSWORD" VARCHAR2(50 BYTE), 
	"JOINDATE" DATE
   ) SEGMENT CREATION IMMEDIATE 
  PCTFREE 10 PCTUSED 40 INITRANS 1 MAXTRANS 255 NOCOMPRESS LOGGING
  STORAGE(INITIAL 65536 NEXT 1048576 MINEXTENTS 1 MAXEXTENTS 2147483645
  PCTINCREASE 0 FREELISTS 1 FREELIST GROUPS 1 BUFFER_POOL DEFAULT FLASH_CACHE DEFAULT CELL_FLASH_CACHE DEFAULT)
  TABLESPACE "SYSTEM" ;
REM INSERTING into JBLOG.BLOG
SET DEFINE OFF;
Insert into JBLOG.BLOG (ID,BLOGTITLE,LOGOFILE) values ('cjsrn1940','차예진의 블로그','16286544870840f1554b8-beef-4898-98bb-facf03d6835c.jpg');
Insert into JBLOG.BLOG (ID,BLOGTITLE,LOGOFILE) values ('may0505','우주최강오월','1628788028159114724a8-9d90-4e06-b031-91d438ffe3c7.jpg');
REM INSERTING into JBLOG.CATEGORY
SET DEFINE OFF;
Insert into JBLOG.CATEGORY (CATENO,ID,CATENAME,DESCRIPTION,REGDATE) values (1,'cjsrn1940','자바프로그래밍','자바기본문법과 객체지향',to_date('21/08/11','RR/MM/DD'));
Insert into JBLOG.CATEGORY (CATENO,ID,CATENAME,DESCRIPTION,REGDATE) values (2,'cjsrn1940','오라클','오라클설치와 sql문',to_date('21/08/11','RR/MM/DD'));
Insert into JBLOG.CATEGORY (CATENO,ID,CATENAME,DESCRIPTION,REGDATE) values (30,'cjsrn1940','ddsag','dd',to_date('21/08/12','RR/MM/DD'));
Insert into JBLOG.CATEGORY (CATENO,ID,CATENAME,DESCRIPTION,REGDATE) values (7,'cjsrn1940','카테고리 실험','설명란',to_date('21/08/12','RR/MM/DD'));
Insert into JBLOG.CATEGORY (CATENO,ID,CATENAME,DESCRIPTION,REGDATE) values (17,'cjsrn1940','yejin cha','ddd',to_date('21/08/12','RR/MM/DD'));
Insert into JBLOG.CATEGORY (CATENO,ID,CATENAME,DESCRIPTION,REGDATE) values (31,'cjsrn1940','차예진','ddd',to_date('21/08/12','RR/MM/DD'));
Insert into JBLOG.CATEGORY (CATENO,ID,CATENAME,DESCRIPTION,REGDATE) values (32,'may0505','차오월 매력포인트','완소오월에 대하여',to_date('21/08/13','RR/MM/DD'));
REM INSERTING into JBLOG.COMMENTS
SET DEFINE OFF;
REM INSERTING into JBLOG.POST
SET DEFINE OFF;
Insert into JBLOG.POST (POSTNO,CATENO,POSTTITLE,POSTCONTENT,REGDATE) values (1,1,'제목','내용',to_date('21/08/11','RR/MM/DD'));
Insert into JBLOG.POST (POSTNO,CATENO,POSTTITLE,POSTCONTENT,REGDATE) values (2,1,'제목2','내용2',to_date('21/08/11','RR/MM/DD'));
Insert into JBLOG.POST (POSTNO,CATENO,POSTTITLE,POSTCONTENT,REGDATE) values (3,2,'ㅇㄹㅋ','sql',to_date('21/08/11','RR/MM/DD'));
Insert into JBLOG.POST (POSTNO,CATENO,POSTTITLE,POSTCONTENT,REGDATE) values (4,7,'테스트제목','테스트내용',to_date('21/08/12','RR/MM/DD'));
Insert into JBLOG.POST (POSTNO,CATENO,POSTTITLE,POSTCONTENT,REGDATE) values (5,31,'ddd','sdg',to_date('21/08/12','RR/MM/DD'));
Insert into JBLOG.POST (POSTNO,CATENO,POSTTITLE,POSTCONTENT,REGDATE) values (6,1,'졸려','어휴',to_date('21/08/13','RR/MM/DD'));
Insert into JBLOG.POST (POSTNO,CATENO,POSTTITLE,POSTCONTENT,REGDATE) values (7,32,'입','입가에 무늬 너무 귀여워 수염 난 아기고앵이',to_date('21/08/13','RR/MM/DD'));
Insert into JBLOG.POST (POSTNO,CATENO,POSTTITLE,POSTCONTENT,REGDATE) values (8,32,'귀','사막여우 뺨치게 큰 귀 펄럭펄럭 거릴 때 너무 귀엽다 욤뇸뇸 해야해',to_date('21/08/13','RR/MM/DD'));
REM INSERTING into JBLOG.USERS
SET DEFINE OFF;
Insert into JBLOG.USERS (USERNO,ID,USERNAME,PASSWORD,JOINDATE) values (1,'cjsrn1940','차예진','1234',to_date('21/08/11','RR/MM/DD'));
Insert into JBLOG.USERS (USERNO,ID,USERNAME,PASSWORD,JOINDATE) values (2,'may0505','차오월','1234',to_date('21/08/11','RR/MM/DD'));
--------------------------------------------------------
--  Constraints for Table COMMENTS
--------------------------------------------------------

  ALTER TABLE "JBLOG"."COMMENTS" ADD PRIMARY KEY ("CMTNO")
  USING INDEX PCTFREE 10 INITRANS 2 MAXTRANS 255 COMPUTE STATISTICS 
  STORAGE(INITIAL 65536 NEXT 1048576 MINEXTENTS 1 MAXEXTENTS 2147483645
  PCTINCREASE 0 FREELISTS 1 FREELIST GROUPS 1 BUFFER_POOL DEFAULT FLASH_CACHE DEFAULT CELL_FLASH_CACHE DEFAULT)
  TABLESPACE "SYSTEM"  ENABLE;
  ALTER TABLE "JBLOG"."COMMENTS" MODIFY ("REGDATE" NOT NULL ENABLE);
  ALTER TABLE "JBLOG"."COMMENTS" MODIFY ("CMTCONTENT" NOT NULL ENABLE);
--------------------------------------------------------
--  Constraints for Table CATEGORY
--------------------------------------------------------

  ALTER TABLE "JBLOG"."CATEGORY" ADD PRIMARY KEY ("CATENO")
  USING INDEX PCTFREE 10 INITRANS 2 MAXTRANS 255 COMPUTE STATISTICS 
  STORAGE(INITIAL 65536 NEXT 1048576 MINEXTENTS 1 MAXEXTENTS 2147483645
  PCTINCREASE 0 FREELISTS 1 FREELIST GROUPS 1 BUFFER_POOL DEFAULT FLASH_CACHE DEFAULT CELL_FLASH_CACHE DEFAULT)
  TABLESPACE "SYSTEM"  ENABLE;
  ALTER TABLE "JBLOG"."CATEGORY" MODIFY ("REGDATE" NOT NULL ENABLE);
  ALTER TABLE "JBLOG"."CATEGORY" MODIFY ("CATENAME" NOT NULL ENABLE);
--------------------------------------------------------
--  Constraints for Table POST
--------------------------------------------------------

  ALTER TABLE "JBLOG"."POST" ADD PRIMARY KEY ("POSTNO")
  USING INDEX PCTFREE 10 INITRANS 2 MAXTRANS 255 COMPUTE STATISTICS 
  STORAGE(INITIAL 65536 NEXT 1048576 MINEXTENTS 1 MAXEXTENTS 2147483645
  PCTINCREASE 0 FREELISTS 1 FREELIST GROUPS 1 BUFFER_POOL DEFAULT FLASH_CACHE DEFAULT CELL_FLASH_CACHE DEFAULT)
  TABLESPACE "SYSTEM"  ENABLE;
  ALTER TABLE "JBLOG"."POST" MODIFY ("REGDATE" NOT NULL ENABLE);
  ALTER TABLE "JBLOG"."POST" MODIFY ("POSTTITLE" NOT NULL ENABLE);
--------------------------------------------------------
--  Constraints for Table USERS
--------------------------------------------------------

  ALTER TABLE "JBLOG"."USERS" ADD UNIQUE ("ID")
  USING INDEX PCTFREE 10 INITRANS 2 MAXTRANS 255 COMPUTE STATISTICS 
  STORAGE(INITIAL 65536 NEXT 1048576 MINEXTENTS 1 MAXEXTENTS 2147483645
  PCTINCREASE 0 FREELISTS 1 FREELIST GROUPS 1 BUFFER_POOL DEFAULT FLASH_CACHE DEFAULT CELL_FLASH_CACHE DEFAULT)
  TABLESPACE "SYSTEM"  ENABLE;
  ALTER TABLE "JBLOG"."USERS" ADD PRIMARY KEY ("USERNO")
  USING INDEX PCTFREE 10 INITRANS 2 MAXTRANS 255 COMPUTE STATISTICS 
  STORAGE(INITIAL 65536 NEXT 1048576 MINEXTENTS 1 MAXEXTENTS 2147483645
  PCTINCREASE 0 FREELISTS 1 FREELIST GROUPS 1 BUFFER_POOL DEFAULT FLASH_CACHE DEFAULT CELL_FLASH_CACHE DEFAULT)
  TABLESPACE "SYSTEM"  ENABLE;
  ALTER TABLE "JBLOG"."USERS" MODIFY ("JOINDATE" NOT NULL ENABLE);
  ALTER TABLE "JBLOG"."USERS" MODIFY ("PASSWORD" NOT NULL ENABLE);
  ALTER TABLE "JBLOG"."USERS" MODIFY ("USERNAME" NOT NULL ENABLE);
  ALTER TABLE "JBLOG"."USERS" MODIFY ("ID" NOT NULL ENABLE);
--------------------------------------------------------
--  Constraints for Table BLOG
--------------------------------------------------------

  ALTER TABLE "JBLOG"."BLOG" ADD PRIMARY KEY ("ID")
  USING INDEX PCTFREE 10 INITRANS 2 MAXTRANS 255 COMPUTE STATISTICS 
  STORAGE(INITIAL 65536 NEXT 1048576 MINEXTENTS 1 MAXEXTENTS 2147483645
  PCTINCREASE 0 FREELISTS 1 FREELIST GROUPS 1 BUFFER_POOL DEFAULT FLASH_CACHE DEFAULT CELL_FLASH_CACHE DEFAULT)
  TABLESPACE "SYSTEM"  ENABLE;
  ALTER TABLE "JBLOG"."BLOG" MODIFY ("BLOGTITLE" NOT NULL ENABLE);
--------------------------------------------------------
--  Ref Constraints for Table BLOG
--------------------------------------------------------

  ALTER TABLE "JBLOG"."BLOG" ADD CONSTRAINT "BLOG_FK" FOREIGN KEY ("ID")
	  REFERENCES "JBLOG"."USERS" ("ID") ENABLE;
--------------------------------------------------------
--  Ref Constraints for Table COMMENTS
--------------------------------------------------------

  ALTER TABLE "JBLOG"."COMMENTS" ADD CONSTRAINT "COMMENTS_PN_FK" FOREIGN KEY ("POSTNO")
	  REFERENCES "JBLOG"."POST" ("POSTNO") ENABLE;
--------------------------------------------------------
--  Ref Constraints for Table POST
--------------------------------------------------------

  ALTER TABLE "JBLOG"."POST" ADD CONSTRAINT "POST_FK" FOREIGN KEY ("CATENO")
	  REFERENCES "JBLOG"."CATEGORY" ("CATENO") ENABLE;
